<?xml version="1.0" encoding="UTF-8"?>
<configuration>
    <appender name="Console-Appender" class="ch.qos.logback.core.ConsoleAppender">
        <encoder>
                <pattern>%d{yyyy-MM-dd hh:mm:ss} [%thread] [%level] %logger{35} - %msg%n</pattern>
        </encoder>
    </appender>

    <appender name="FILE" class="ch.qos.logback.core.FileAppender">
            <file>testLoggingFile.log</file>
           <append>true</append>
        <immediateFlush>true</immediateFlush>
        <encoder>
                    <pattern>%d{yyyy-MM-dd hh:mm:ss} [%thread] [%level] %logger{35} - %msg%n</pattern>
        </encoder>
    </appender>
    <root level="info">
        <appender-ref ref="Console-Appender" />
        <appender-ref ref="FILE" />
    </root>

</configuration>